prereq,concept
Continuity,Derivatives
Continuity,Mean Value Theorem
Continuity,Antiderivatives
Continuity,First Fundamental Theorem of Calculus
Limits,Continuity
Limits,Derivatives
Limits,Definite Integrals
Limits,Indeterminate Forms
Limits,Higher Derivatives
Limits,L'Hôpital's Rule
Limits,Infinite Series
Derivatives,Derivatives of Trigonometric Functions
Derivatives,Chain Rule
Derivatives,Higher Derivatives
Derivatives,Implicit Differentiation
Derivatives,Inverse Functions
Derivatives,Logarithmic Differentiation
Derivatives,Linear Approximations
Derivatives,Curve Sketching
Derivatives,Max/Min Problems
Derivatives,Related Rates
Derivatives,Newton's Method
Derivatives,Mean Value Theorem
Derivatives,Antiderivatives
Derivatives,Hyperbolic Functions
Derivatives,Indeterminate Forms
Derivatives,L'Hôpital's Rule
Higher Derivatives,Curve Sketching
Exponential and Logarithmic Functions,Logarithmic Differentiation
Exponential and Logarithmic Functions,Hyperbolic Functions
Linear Approximations,Quadratic Approximations
Antiderivatives,First Fundamental Theorem of Calculus
Definite Integrals,First Fundamental Theorem of Calculus
Definite Integrals,Volumes of Solids
Definite Integrals,Surface Area
Definite Integrals,Numerical Integration
Definite Integrals,Trigonometric Integrals
Definite Integrals,Integration by Substitution
Definite Integrals,Integration by Parts
Definite Integrals,Partial Fractions
Definite Integrals,Improper Integrals
First Fundamental Theorem of Calculus,Second Fundamental Theorem of Calculus
Indeterminate Forms,L'Hôpital's Rule
Infinite Series,Taylor Series
